Partij,Naam,Positie (op lijst),Studie,Waar,Link,LinkedIn,Foto url,Bio,,,,,,,,,,,,,,,,
VVD,Peter de Groot,16,Engineering en beleidsanalyse ,TU Delft,https://www.vvd.nl/profielen/peter-de-groot-2/,https://www.linkedin.com/in/peterdegroot,https://www.vvd.nl/wp-content/uploads/2025/08/Peter-de-Groot-350x425.jpg.webp,"De afgelopen vier jaar heb ik me met volle overtuiging ingezet als Kamerlid. In een tijd waarin het vertrouwen in de politiek onder druk staat, is het belangrijk koers te houden, hard te werken én praktisch te blijven.",,,,,,,,,,,,,,,,
VVD,Simone Richardson,32,Bewegingswetenschappen,Rijksuniversiteit Groningen,https://www.vvd.nl/profielen/simone-richardson-3/,https://www.linkedin.com/in/richardsonsimone,https://www.vvd.nl/wp-content/uploads/2020/12/2.-Profiel-Simone-Richardson.jpg.webp,"Simone Richardson (1972) is geboren in Heerlen, opgegroeid in Hengelo Overijssel en studeerde bewegingswetenschappen in Groningen. Daarna heeft zij meer dan vijfentwintig jaar als bestuurder en manager gewerkt in de sport- en beweegsector.",,,,,,,,,,,,,,,,
VVD,Martijn Buijsse,34,Werktuigbouwkunde,TU Eindhoven,https://www.vvd.nl/profielen/martijn-buijsse-2/,https://www.linkedin.com/in/martijnbuijsse,https://www.vvd.nl/wp-content/uploads/2024/07/2.-Profielfoto-Martijn-Buijsse-350x425.jpg.webp,"Martijn Buijsse (1981) is geboren en opgegroeid in een boerengezin in Oostburg, Zeeland. Hij studeerde werktuigbouwkunde in Eindhoven en landbouwtechniek aan Wageningen Universiteit & Research. Na zijn studie werkte hij in diverse functies in de landbouw- en voedingsindustrie. Vanaf 2014 deed hij dat als zelfstandig ondernemer.",,,,,,,,,,,,,,,,
VVD,Mirjam Nelisse,46,"Technische Bestuurskunde/Systems Engineering, Policy Analysis and management",TU Delft,https://www.vvd.nl/profielen/mirjam-nelisse-3/,https://www.linkedin.com/in/mirjamnelisse/,https://www.vvd.nl/wp-content/uploads/2025/08/Mirjam-Nelisse-350x425.jpg.webp,"Als ingenieur en toegepast wetenschappelijk onderzoeker breng ik ruim 20 jaar expertise mee over infrastructuur en mobiliteit. Afkomstig uit een ondernemersfamilie in de landbouwsector en met thuis een boerderij, heb ik veel kennis over ondernemerschap, landbouw, natuur en stikstof. Mijn kracht als volksvertegenwoordiger ligt in het verbinden van mensen, belangen en kennis.",,,,,,,,,,,,,,,,
CDA,Henri Bontenbal,1,Natuurkunde,Leiden Universiteit,https://www.cda.nl/campagne/henri-bontenbal/,https://www.linkedin.com/in/henribontenbal/,"https://img.imageboss.me/cda/cover/886x1181/fp-x:0.47,fp-y:0.37,quality:80,format:avif/files/Afbeeldingen/Personen/Henri/Henri-Bontenbal_2025-09-02-072933_gxnx.jpg?bossToken=3368fb6e549f60719fb043f88ad37837e65df90dec31d9858b53300973187376","Henri Bontenbal (42) groeide op in een warm gezin met acht kinderen op Rotterdam-Zuid. Henri is getrouwd met Hanneke en vader van twee zoons. Hij houdt van muziek maken (piano, orgel en saxofoon), lezen en hardlopen. Henri studeerde Natuurkunde en werkte jarenlang in de energiesector. Als Kamerlid zet hij zich onder andere in voor kernenergie, werkbare migratiewetten en wat Henri zelf 'democratisch ethos' noemt: dat de politiek weer respectvol met onze democratie omgaat.",,,,,,,,,,,,,,,,
CDA,Derk Boswijk,3,Bouwtechnische bedrijfskunde etc.,Hogeschool Utrecht,https://www.cda.nl/mensen/derk-boswijk/,https://www.linkedin.com/in/derk-boswijk-b8279111/,"https://img.imageboss.me/cda/cover/1915x1915/fp-x:0.5,fp-y:0.5,quality:80,format:avif/files/Afbeeldingen/Derk-Boswijk-05.jpg?bossToken=07e2ba945a93ca4150f4b0eed60a029abe703aeee96aa1ff5406071f3cd081ef",Derk Boswijk is een gedreven Kamerlid. Als woordvoerder Veiligheid & Justitie en Defensie maakt hij zich sterk voor een land waar kinderen veilig kunnen opgroeien.,,,,,,,,,,,,,,,,
CDA,Luciënne Boelsma-Hoekstra,14,Landbouw,Aeres hogeschool Dronten,https://www.cda.nl/mensen/kandidaat-lucienne-boelsma/,https://www.linkedin.com/in/lucienne-boelsma-hoekstra,"https://img.imageboss.me/cda/cover/1915x1915/fp-x:0.5,fp-y:0.31,quality:80,format:avif/files/Afbeeldingen/Personen/Kandidaten-TK2025/Lucienne-Boelsma-Hoekstra-01_2025-09-01-134518_hrwz.jpg?bossToken=7d40a4fadc82a162f66c70f28926686401c6c500b55b5e15f066e9c509cdc527","Luciënne Boelsma (53) is getrouwd, moeder van vier zonen en woonachtig in Idskenhuizen.",,,,,,,,,,,,,,,,
CDA,Jan Arie Koorevaar,15,Veehouderij,Christelijke Agrarische hogeschool Dronten,https://www.cda.nl/mensen/kandidaat-jan-arie-koorevaar/,https://www.linkedin.com/in/jan-arie-koorevaar-8042058,"https://img.imageboss.me/cda/cover/1915x1915/fp-x:0.5,fp-y:0.32,quality:80,format:avif/files/Afbeeldingen/Personen/Kandidaten-TK2025/Jan-Arie-Koorevaar-05_2025-09-01-134614_rysv.jpg?bossToken=b0c8b86e17b8cca5459d58f9a22592d5fb5822b6d87d99190bdb93331e30c871","Jan Arie Koorevaar (46) is getrouwd met Janneke, vader van drie prachtige kinderen en woonachtig in Goudriaan.",,,,,,,,,,,,,,,,
CDA,Arjan Tolkamp,25,Bachelor of Agraric,Christelijke Agrarische hogeschool Dronten,https://www.cda.nl/mensen/kandidaat-arjan-tolkamp/,https://www.linkedin.com/in/arjan-tolkamp-b2865554/?originalSubdomain=nl,"https://img.imageboss.me/cda/cover/1915x1915/fp-x:0.49,fp-y:0.32,quality:80,format:avif/files/Afbeeldingen/Personen/Kandidaten-TK2025/Arjan-Tolkamp-03_2025-09-01-135431_svut.jpg?bossToken=ac110a1f9d726c01c2ab011f0c7013f1693bdbbc567ee7d2bcf060facd5a9149",Arjan Tolkamp (47) woont met zijn partner en kinderen in Aalten in de mooie Achterhoek.,,,,,,,,,,,,,,,,
CDA,Yusuf Tuncer,37,Bouwkunde,Hogeschool Rotterdam,https://www.cda.nl/mensen/kandidaat-yusuf-tuncer/,https://www.linkedin.com/in/yusuftuncer/?originalSubdomain=nl,"https://img.imageboss.me/cda/cover/1915x1915/fp-x:0.52,fp-y:0.31,quality:80,format:avif/files/Afbeeldingen/Personen/Kandidaten-TK2025/Yusuf-Tuncer-05_2025-09-01-140557_tkrs.jpg?bossToken=f8a270928098c6bdc0576848a88722eeee50d36b3797c9db0258da467acda829","Yusuf Tuncer (35) is getrouwd, vader van twee zonen en woont in Schiedam.",,,,,,,,,,,,,,,,
PVV,Tony van Dijck,8,Technische Bedrijfskunde,Technische Universiteit Eindhoven,https://www.pvv.nl/tweede-kamerfractie.html#:~:text=Teun%20van%20Dijck,https://www.linkedin.com/in/antoine-van-dijck-6b7343131,https://www.pvv.nl/templates/yootheme/cache/be/10._Teun_van_Dijck-be852b78.webp,Ik ben geboren en getogen in Venlo. Na mijn middelbare school heb ik de studie Bedrijfskunde aan de Technische Universiteit in Eindhoven afgerond. Daarna heb ik onder andere gewerkt bij Ernst & Young management consultants in Utrecht. Van 1993 tot en met 2006 woonde ik op Curaçao en werkte ik als organisatieadviseur en ondernemer.,,,,,,,,,,,,,,,,
PVV,Jan Valize,39,Bedrijfskundige informatica en logistiek en technische vervoerskunde,Fontys Hogeschool Venlo,https://www.pvv.nl/tweede-kamerfractie.html#:~:text=Jan%20Valize,https://www.linkedin.com/in/jan-valize-a4a07977/,https://www.pvv.nl/templates/yootheme/cache/32/35._Jan_Valize-32ff1af5.webp,"Vier jaar ben ik gemeenteraadslid geweest in Venlo en ik ben er nu nog burgerraadslid. Ik heb mij daar beziggehouden met veel verschillende onderwerpen, van een begraafplaatsenvisie tot openbaar vervoer. Ik heb altijd al de ambitie gehad om maatschappelijk betrokken te zijn. Ik vind het bovendien leuk om met beleid bezig te zijn en beteken graag iets voor de samenleving.",,,,,,,,,,,,,,,,
PVV,Chris Faddegon,40,Werktuigbouwkunde,Technische Hogeschool Delft,https://www.pvv.nl/tweede-kamerfractie.html#:~:text=Chris%20Faddegon,https://www.linkedin.com/in/chris-faddegon-86a4661/,https://www.pvv.nl/templates/yootheme/cache/56/Chris_Faddegon-56b32a15.webp,"Ik voelde mij altijd al aangetrokken tot de politiek. Ik was één van de oprichters van de partij Nederland Mobiel, maar daarmee haalden we in 1998 geen zetel in de Tweede Kamer. Daarna heb ik vanaf het ontstaan van de partij altijd PVV gestemd.",,,,,,,,,,,,,,,,
PVV,Nico Uppelschoten,42,Theoretische scheikunde,Universiteit Utrecht,https://www.pvv.nl/tweede-kamerfractie.html#:~:text=Nico%20Uppelschoten,,https://www.pvv.nl/templates/yootheme/cache/27/Nico_Uppelschoten-277783fd.webp,,,,,,,,,,,,,,,,,
CU,Alwin te Rietstap,4,Land- and watermanagement,Van Hall Larenstein University of Applied Sciences,https://www.christenunie.nl/mensen/alwin-te-rietstap,https://www.linkedin.com/in/alwin-te-rietstap-15bb2b28/,https://www.christenunie.nl/wp-content/uploads/2025/08/202509-CU-TK-B-1094Alwin-te-Rietstap-1362x2048.jpg,Lokaal en regionaal zet ik mij in voor sterke regio’s en gemeenschappen. Hiervoor wil ik mij landelijk ook inzetten. De ChristenUnie is een partij die sterk verankerd is in de regio. Met deze hoge positie laat de ChristenUnie ook zien dat vertegenwoordiging uit de regio van belang is. Ik ben dankbaar dat ik kennis en ervaringen uit de regio in Den Haag mag vertegenwoordigen.,,,,,,,,,,,,,,,,
CU,Christian van der Krift,14,Technische bedrijfskunde / bouwkunde,Technische Universiteit Eindhoven,https://www.christenunie.nl/mensen/christian-van-der-krift,https://www.linkedin.com/in/christian-van-der-krift-phd/,https://www.christenunie.nl/wp-content/uploads/2025/08/202509-CU-TK-B-976-Christian-vander-Krift-1362x2048.jpg,"Ik sta op voor goed, verantwoord ondernemen, omdat iedereen in Nederland daar beter van wordt. Dat betekent voor mij dat we een land zijn waarin het het beste gaat met ondernemers die zorg dragen voor de natuur en het klimaat, en die zorgvuldig omgaan met de rechten van gebruikers en toekomstige generaties.",,,,,,,,,,,,,,,,
CU,Judith Westerink-Petersen,15,Tropical forestry,Wageningen University & Research,https://www.christenunie.nl/mensen/judith-westerink-petersen,https://www.linkedin.com/in/judith-westerink-61869525/,https://www.christenunie.nl/wp-content/uploads/2025/08/202509-CU-TK-AP-1107-Judith-Westerink-scaled.jpg,"Ik sta op voor boeren en biodiversiteit. Als het gaat om landbouw en natuur, moeten we uit de polarisatie. Boeren en biodiversiteit hebben elkaar nodig, en wij hen.",,,,,,,,,,,,,,,,
CU,Mark Treurniet,20,Econometrie,Erasmus Universiteit Rotterdam,https://www.christenunie.nl/mensen/mark-treurniet,https://www.linkedin.com/in/mark-treurniet,https://www.christenunie.nl/wp-content/uploads/2025/08/202509-CU-TK-AP-1203-Mark-Treurniet-scaled.jpg,"Ik wil opstaan voor een politiek die in verbinding het goede zoekt. Voor het vermogen van de maatschappij om solidariteit vorm te geven. Én voor een goed functionerende, dienstbare economie. Omdat beide nodig zijn voor een bloeiende en veerkrachtige samenleving.",,,,,,,,,,,,,,,,
CU,Wim Voskamp,30,Technische Bedrijfskunde,Haagse Hogeschool,https://www.christenunie.nl/mensen/wim-voskamp,https://www.linkedin.com/in/wimvoskamp,https://www.christenunie.nl/wp-content/uploads/2025/08/202509-CU-TK-AP-1053-Wim-Voskamp-scaled.jpg,Samen opstaan voor rechtvaardigheid en duurzame werkgelegenheid met ruimte voor de Nederlandse ondernemer.,,,,,,,,,,,,,,,,
CU,Elizabeth Bronkhorst-van Poortvliet,43,Bouwtechniek,Hogeschool van Rotterdam,https://www.christenunie.nl/mensen/elizabeth-bronkhorst-van-poortvliet,https://www.linkedin.com/in/elizabeth-bronkhorst-van-poortvliet-48968819,https://www.christenunie.nl/wp-content/uploads/2025/08/202509-CU-TK-B-200Elizabeth-Bronkhorst-1362x2048.jpg,"Ik sta op voor kinderen en jongeren, omdat zij het recht hebben om op een gezonde manier volwassen te worden. Daarom strijd ik voor eerlijk onderwijs en een gezonde leefomgeving voor ieder kind. Dat kan alleen samen met u als kleine of grote wereldverbeteraar en een beetje hulp van de overheid, zodat we bouwen aan een thuis en buurt met liefde en aandacht voor iedereen.",,,,,,,,,,,,,,,,
CU,Cees Dekker,48,Natuur- en sterrenkunde,Universiteit Utrecht,https://www.christenunie.nl/mensen/cees-dekker,https://www.linkedin.com/in/cees-dekker-604642302,https://www.christenunie.nl/wp-content/uploads/2025/08/202509-CU-TK-Kandidaten-Cees-Dekker.png,"Stemmen op de ChristenUnie geeft stem aan zorg voor de kwetsbaren, de vluchtelingen, en de schepping. De ChristenUnie kiest niet voor de grote woorden van de polarisatie maar voor de inhoud en dat geeft een gebalanceerd verstandig beleid rond economie, wonen, defensie en gezondheid. De ChristenUnie heeft hart voor God en mensen, en dat vormt haar politieke keuzes",,,,,,,,,,,,,,,,
CU,Jurjen ten Brinke,49,Tropisch Landgebruik,Wageningen University & Research,https://www.christenunie.nl/mensen/jurjen-ten-brinke,https://www.linkedin.com/in/jurjen-ten-brinke-8378a827b,https://www.christenunie.nl/wp-content/uploads/2025/08/202509-CU-TK-AP-1512-Jurjen-ten-Brinke-scaled.jpg,"Met woorden en met daden íets van het Koninkrijk van God zichtbaar maken in onze samenleving. Dat is mijn passie en dat zie ik terug bij de ChristenUnie. Hoopvol en realistisch wordt bij allerlei onderwerpen gezocht naar een praktisch, oprecht en authentiek christelijk geluid… en daar voel ik me bij thuis.",,,,,,,,,,,,,,,,
Groenlinks-PvdA,Luc Stultiens,7,Mathematics & Foundations of Computer Science,University of Oxford,https://groenlinkspvda.nl/onze-mensen/kandidaten-tk25/luc-stultiens-2/,https://www.linkedin.com/in/lucstultiens/,https://groenlinkspvda.nl/wp-content/uploads/2025/08/Luc-1_low-res_-900x600.jpg,Met mijn wiskundige en financiële achtergrond hoop ik er de komende jaren voor te zorgen dat ons systeem rechtvaardiger wordt. Dat grote vervuilers hun eerlijke steentje gaan bijdragen en de rijkste 1% niet meer wegkomt met schimmige belastingconstructies. De afgelopen jaren heb ik de Kamer goed leren kennen als (hoofd)adviseur van de GroenLinks fractie. Ik ben inmiddels trots dubbellid van GroenLinks en de PvdA en heb enorm veel zin om van Verenigd Links een groot succes te maken!,,,,,,,,,,,,,,,,
Groenlinks-PvdA,Geert Gabriëls,19,Aardwetenschappen,Universiteit Utrecht,https://groenlinkspvda.nl/onze-mensen/kandidaten-tk25/geert-gabriels-2/,https://www.linkedin.com/in/geert-gabri%C3%ABls-364780335/,https://groenlinkspvda.nl/wp-content/uploads/2025/08/Geert-Gabriels-900x600.jpg,"Hij studeerde Aardwetenschappen in Utrecht en werkte na zijn studie als docent Aardrijkskunde op de Vrijeschool in Maastricht en als docent Fysische Geografie op de Fontys Lerarenopleiding in Tilburg. Vanuit nieuwsgierigheid en betrokkenheid bij zijn omgeving rolde Geert in 2010 de lokale politiek in. Er volgde een raadslidmaatschap, wethouderschap en van 2021 tot 2023 was Geert gedeputeerde natuur- en stikstofaanpak in de Provincie Limburg.",,,,,,,,,,,,,,,,
Groenlinks-PvdA,Jade van der Linden,21,Technische Bedrijfskunde,TU Eindhoven,https://groenlinkspvda.nl/onze-mensen/kandidaten-tk25/jade-van-der-linden/,https://www.linkedin.com/in/jade-van-der-linden/,https://groenlinkspvda.nl/wp-content/uploads/2025/08/Jade-van-der-Linden-900x600.jpg,"Ik ben Jade van der Linden, 28 jaar en woon in Oss. Al jaren zet ik me met volle overtuiging in voor een groene en gezonde leefomgeving, én voor een samenleving waarin iedereen zichzelf kan zijn en volwaardig mee kan doen. Sinds 2019 doe ik dit vanuit de Provinciale Staten van Noord-Brabant.",,,,,,,,,,,,,,,,
Groenlinks-PvdA,Floor Roduner,22,Sterrenkunde,Universiteit Leiden,https://groenlinkspvda.nl/onze-mensen/kandidaten-tk25/floor-roduner/,https://www.linkedin.com/in/floor-roduner-0763534/,https://groenlinkspvda.nl/onze-mensen/kandidaten-tk25/floor-roduner/,"Floor Roduner is opgeleid als sterrenkundige en sinds 2017 wethouder in Haarlem, met onder andere Wonen, Bouwen en Financiën in zijn portefeuille. Hij werkt aan meer betaalbare woningen in de stad, met als uitgangspunt minimaal 40% sociale huur en 40% middeldure huur of koop. Zo houdt hij Haarlem toegankelijk voor alle inkomensgroepen, ondanks de stijgende huizenprijzen.",,,,,,,,,,,,,,,,
Groenlinks-PvdA,Lara Sibbing,42,Sustainable food & agriculture,Universiteit Wageningen,https://groenlinkspvda.nl/onze-mensen/kandidaten-tk25/lara-sibbing/,https://www.linkedin.com/in/larasibbing/details/education/,https://groenlinkspvda.nl/wp-content/uploads/2025/08/Lara-Sibbing-2-def-900x600.jpg,"Mijn naam is Lara Sibbing en met een achtergrond in landbouw, duurzaamheid en economie zet ik me in voor een eerlijker Nederland. In de Tweede Kamer wil ik ingewikkelde vraagstukken aanpakken en politiek dichter bij de mensen brengen.",,,,,,,,,,,,,,,,
Groenlinks-PvdA,Jan Daenen,51,Econometrics & Data Science,Vrije Universiteit Amsterdam,https://groenlinkspvda.nl/onze-mensen/kandidaten-tk25/jan-daenen/,https://www.linkedin.com/in/jan-daenen-6a6197134/,https://groenlinkspvda.nl/wp-content/uploads/2025/08/Jan-Daenen-900x600.jpeg,"Ik ben geboren en getogen in een mooi dorp in Brabant waar gemeenschapszin me met de paplepel is ingegoten en solidariteit vanzelfsprekend is. Ik raakte verknocht aan Gelderland tijdens mijn studietijd in Wageningen. In de Gelderse politiek heb ik me de afgelopen jaren ingezet voor een sterk openbaar vervoer voor stad en platteland, meer woningen voor starters die geen kant uit kunnen, en een toekomstbestendige landbouw waarbij boeren een goede boterham kunnen verdienen.",,,,,,,,,,,,,,,,
NSC,Thomas Beukema,9,Informatiekunde,Universiteit Utrecht,https://partijnieuwsociaalcontract.nl/kandidaten/9-thomas-beukema,https://www.linkedin.com/in/thomasbeukema/,https://nsc-multisite.ams3.digitaloceanspaces.com/Websitebannering_Kandidaten_0001_Thomas_Beukema_b351dad636.jpg,"Ik wil me namens Nieuw Sociaal Contract inzetten voor een veiliger digitaal Nederland, de toekomst van jongeren versterken met kansen en zekerheid en meer aandacht geven aan hun mentale gezondheid.",,,,,,,,,,,,,,,,
SGP,Chris Stoffer,1,Civil Engineering,Universiteit Twente,https://sgp.nl/partij/onze-mensen/chris-stoffer-tk25,https://www.linkedin.com/in/chris-stoffer-b9692011/,https://sgp.nl/images/content/people/2540/image_21631cd3eenr__1_normal.png,"Ik ben Chris Stoffer, woonachtig in Elspeet. Getrouwd en vader van 3 dochters. Sinds 2018 ben ik lid van de Tweede Kamer, sinds 2023 als fractievoorzitter.",,,,,,,,,,,,,,,,
SGP,Maarten Slingerland,13,Werktuigbouwkunde,Hoornbeeck College,https://sgp.nl/partij/onze-mensen/maarten-slingerland-tk25,https://www.linkedin.com/in/maarten-slingerland-39b29747/,https://sgp.nl/images/content/people/2552/image_14f9f0f202nr__13_normal.png,"Ik ben Maarten Slingerland, 43 jaar, getrouwd en vader van vijf kinderen. Sinds 2018 ben ik wethouder in de gemeente Zwartewaterland. In mijn vrije tijd wandel, klus en lees ik graag. ",,,,,,,,,,,,,,,,
SGP,Arnold Versteeg,20,Physics & Business,Hogeschool Saxion,https://sgp.nl/partij/onze-mensen/arnold-versteeg,https://www.linkedin.com/in/arnoldversteeg/,https://sgp.nl/images/content/people/2559/image_35862f3a5anr__20_normal.png,"Mijn naam is Arnold Versteeg, getrouwd en vader van vijf kinderen. Sinds mei 2022 ben ik wethouder en eerste locoburgemeester in Ede. Mijn portefeuilles zijn: Economie, Energietransitie, Milieu, Bodem, Afval, Beheer openbare ruimte, Dienstverlening, Personeel en Organisatie. Vanaf juli 2003 t/m mei 2022 ben ik raadslid geweest in Ede en was ik werkzaam in het bedrijfsleven.  ",,,,,,,,,,,,,,,,
SGP,Leendert de Knegt,23,Veeteelt,Universiteit Wageningen,https://sgp.nl/partij/onze-mensen/leendert-de-knegt-tk25,https://www.linkedin.com/in/leendert-de-knegt-7b907012/,https://sgp.nl/images/content/people/2562/image_f250e48ef5nr__23_normal.png,Ik ben Leendert de Knegt en ben 55 jaar.  Samen met mijn vrouw woon ik in Barneveld. Wij hebben een getrouwde dochter. In het dagelijks leven ben ik werkzaam als software developer bij Infor BV in Barneveld. Daarnaast zit ik sinds 2002 namens de SGP in de gemeenteraad van Barneveld waar ik mij inzet voor Bijbels gefundeerde christelijke politiek. ,,,,,,,,,,,,,,,,
SGP,Lubbert Talen,30,Werktuigbouwkunde,Universiteit Twente,https://sgp.nl/partij/onze-mensen/lubbert-talen-tk25,https://www.linkedin.com/in/lubberttalen/,https://sgp.nl/images/content/people/2569/image_5942d586a1nr__30_normal.png,"Mijn naam is Lubbert Talen, getrouwd,vader van zes zonen (waarvan één getrouwd) en opa van een kleindochter. Ik ben opgeleid als werktuigbouwkundig ingenieur aan de Universiteit Twente en in het dagelijks leven ben ik ondernemer in de machinebouw. Ik ben zestien jaar raadslid geweest in de gemeente Staphorst en momenteel lid van Provinciale Staten van Overijssel. Daarnaast ben ik lid van de Raad van Toezicht van het Pieter Zandt scholengemeenschap en bestuurslid van de Scholen met de Bijbel te Staphorst. ",,,,,,,,,,,,,,,,
SGP,Henk Bulten,32,Gebouw Gebonden Installatietechniek,Hogeschool van Arnhem en Nijmegen,https://sgp.nl/partij/onze-mensen/henk-bulten,https://www.linkedin.com/in/henk-bulten-718a948b/,https://sgp.nl/images/content/people/2571/image_08ca2969d6nr__32_normal.png,"Ik ben Henk Bulten, getrouwd en woonachtig in Doetinchem. Vanaf 2014 ben ik wethouder in de gemeente Doetinchem. Daarnaast ben ik eigenaar/directeur van BultenAdvies (adviseren en calculeren technische installaties en daarnaast strategisch (bedrijfs)advies).  ",,,,,,,,,,,,,,,,
SGP,Jan Top,33,Civil Engineering,HAN University of Applied Sciences,https://sgp.nl/partij/onze-mensen/jan-top-tk25,https://www.linkedin.com/in/jan-top-b99a646/,https://sgp.nl/images/content/people/2572/image_f4357ee5a5nr__33_normal.png,"Ik ben Jan Top, getrouwd met Barendina, vader van zes kinderen en opa van 4 kleinkinderen. In het dagelijks leven werk ik als consultant/auditor informatiebeveiliging en kwaliteitsmanagement. Daarnaast ben ik fractievoorzitter van de SGP in Barneveld en vice-voorzitter van regiocommissie Regio Foodvalley. Mijn hobby’s zijn activiteiten met het gezin, wandelen, lezen en politiek.  ",,,,,,,,,,,,,,,,
SGP,Lourens van Bruchem,35,Operationele Technologie,Hogeschool Utrecht,https://sgp.nl/partij/onze-mensen/lourens-van-bruchem-tk25,https://www.linkedin.com/in/lourens-van-bruchem-41aaab14/,https://sgp.nl/images/content/people/2574/image_3def57e073nr__35_normal.png,"Ik ben Lourens van Bruchem, wonend in Tricht en gelukkig getrouwd met Marja. Naast een directiefunctie bij een bedrijf dat zich richt op technologie voor de olie- en gaswinning mag ik ook fractievoorzitter zijn van de SGP-fractie in West Betuwe, voorzitter van de Raad van Toezicht van de Gomarus Scholengemeenschap en Statenlid voor de SGP in Gelderland. ",,,,,,,,,,,,,,,,
SGP,Bertrick van den Dikkenberg,36,Land en Watermanagement,Van Hall Larenstein University of Applied Sciences,https://sgp.nl/partij/onze-mensen/bertrick-van-den-dikkenberg-tk25,https://www.linkedin.com/in/bertrickvandendikkenberg/,https://sgp.nl/partij/onze-mensen/bertrick-van-den-dikkenberg-tk25,"Ik ben Bertrick van den Dikkenberg, 36 jaar en kom uit Elst. Ik ben getrouwd met Laura en samen hebben wij vijf kinderen ontvangen. Ik ben naast mijn dagelijks werk als senior adviseur klimaatadaptatie, fractievoorzitter van Provinciale Staten SGP in Utrecht. De vrije tijd die over is ben ik graag buiten in de natuur, soms met een hengel, of in de groentetuin bij mijn ouders.  ",,,,,,,,,,,,,,,,
SGP,Gert van Laar,38,Civil Engineering,Van Hall Larenstein University of Applied Sciences,https://sgp.nl/partij/onze-mensen/gert-van-laar-tk25,https://www.linkedin.com/in/gert-van-laar-a7b39082/,https://sgp.nl/images/content/people/2577/image_9d8b22f615nr__38_normal.png,"Mijn naam is Gert van Laar. Sinds 2022 ben ik wethouder in Rhenen, de gemeente waar ik ben geboren en getogen. Daarvoor werkte ik als projectleider civiele techniek. Daarnaast was ik twaalf jaar raadslid, waarvan acht jaar fractievoorzitter. Ik ben getrouwd en samen hebben we vijf kinderen. We wonen in de voormalige boerderij van mijn ouders waar ik ontspanning vind in de tuin. Mijn conditie houd ik op peil door regelmatig te hardlopen. ",,,,,,,,,,,,,,,,
SGP,Jan Lock,45,Horticultral Technology,Rijks Hogere Tuinbouwschool Utrecht & Wageningen Universiteir,https://sgp.nl/partij/onze-mensen/jan-lock-tk25,https://www.linkedin.com/in/jan-lock-95519217/,https://sgp.nl/images/content/people/2584/image_07fe85010bnr__45_normal.png,"Ik ben Jan Lock, gehuwd met Frederika en vader van drie kinderen en opa van negen kleinkinderen. In het dagelijks leven ben ik wethouder in gemeente Molenlanden met als portefeuille energie en buiten (omvat de energietransitie, de landbouwtransitie, watertransitie, klimaatadaptatie, buitenruimte duurzaamheid en milieu). Hiervoor was ik gemeenteraadslid. ",,,,,,,,,,,,,,,,
SGP,Joan van Burg,46,Civil Engineering,Hogeschool Zeeland,https://sgp.nl/partij/onze-mensen/joan-van-burg-tk25,https://www.linkedin.com/in/joan-van-burg-b7a29557/,https://sgp.nl/images/content/people/2585/image_12500d1062nr__46_normal.png,"Ik ben Joan van Burg, getrouwd en woonachtig in Terneuzen. Ik ben bedrijfsleider regio Zeeland bij een internationaal bouwbedrijf (bouwbedrijf Cordeel). Ik ben Statenlid voor de SGP in de provincie Zeeland, fractievoorzitter en tevens plaatsvervangend voorzitter Provinciale Staten van Zeeland. Mijn hobby’s zijn tuinieren en fietsen.  ",,,,,,,,,,,,,,,,
SGP,Kees Vermaat,47,Wiskunde en Toepassingen,Utrecht University,https://sgp.nl/partij/onze-mensen/kees-vermaat-tk25,https://www.linkedin.com/in/kees-vermaat-742927b6/,https://sgp.nl/images/content/people/2586/image_746ebcec8anr__47_normal.png,"Ik ben Kees Vermaat, woonachtig in Leerbroek. Ik ben gemeenteraadslid in Vijfheerenlanden, Statenlid in de provincie Utrecht en organist in de eigen gemeente in Leerbroek.  ",,,,,,,,,,,,,,,,
SGP,Gerbrand van Hoef,49,Bouwkunde,Windesheim,https://sgp.nl/partij/onze-mensen/gerbrand-van-hoef,https://www.linkedin.com/in/gerbrand-van-hoef-84a082159/,https://sgp.nl/images/content/people/2588/image_e229a37275nr__49_normal.png,Ik ben Gerbrand van Hoef. Als geboren en getogen Veluwenaar woon ik sinds een jaar in Rotterdam. Daar werk ik als docent Bouwkunde aan het Hoornbeeck College. Naast mijn werk volg ik nog een opleiding tot docent Godsdienst. Al enige jaren ben ik actief betrokken bij de politiek en inmiddels ruim twee jaar politiek bestuurslid bij SGP-jongeren.,,,,,,,,,,,,,,,,
DENK,Omar Fkihi,36,Technische Bedrijfskunde,Fontys Hogeschool,https://www.bewegingdenk.nl/tweede-kamerverkiezingen-2025/#:~:text=Omar%20Fkihi,https://www.linkedin.com/in/omarfkihi/,https://www.helmond.nl/BIS/personen_fotos/Raadsleden%202022-2026/Fkihi.jpg?hid=img;mnw=0;mxw=600;mnh=0;mxh=600;,"Experienced Test Consultant with a demonstrated history of working in the information technology and services industry. Skilled in Agile Testing, Test Strategy, Software Testing, Risk Based Testing, and Testing. Strong quality assurance professional with a Bachelor of engineering (ing.).",,,,,,,,,,,,,,,,
D66,Anne-Marijke Podt,4,Industrieel Ontwerpen,TU Delft,https://d66.nl/mensen/anne-marijke-podt/,https://www.linkedin.com/in/annemarijkepodt/,https://d66.nl/wp-content/uploads/2021/01/Anne-Marijke-Podt-scaled.jpg,"Anne-Marijke is een echte beta. Aan de TU Delft volgde ze de master Industrieel Ontwerpen, waarna ze aan de slag ging met innovatie voor het CBR en later voor een organisatie die ICT-ontwikkeling bevordert. Anne-marijke denkt dat beta's een belangrijke bijdrage kunnen leveren aan de politiek, omdat zij een manier van denken hebben gebaseerd op logica. Achter maatschappelijke problemen zit vaak een puzzel verscholen en juist beta's hebben de skills om die op te lossen.",,,,,,,,,,,,,,,,
D66,Marc Vervuurt,25,Biomedical Engineering,TU Eindhoven,https://d66.nl/venlo/mensen/marc-vervuurt/,https://www.linkedin.com/in/marcvervuurt/details/education/,https://d66.nl/venlo/wp-content/uploads/sites/45/2021/12/MarcD66.png,"Marc Vervuurt (31) is gemeenteraadslid in Venlo, bestuurslid van D66 Limburg en beleidsadviseur in de ouderenzorg. Hij promoveerde als medisch ingenieur en zet zich in voor medische ethiek, wetenschappelijke vrijheid en kansengelijkheid.",,,,,,,,,,,,,,,,
D66,Michelle Jagtenberg,29,Luchtvaart- en Ruimtevaartechniek,TU Delft,https://d66.nl/nieuws/advieslijst-tweede-kamerverkiezing-2025/,https://www.linkedin.com/in/michellejagtenberg/,,,,,,,,,,,,,,,,,,
D66,Ocker Ghering,37,Delta Management,HZ University of Applied Sciences,https://d66.nl/nieuws/advieslijst-tweede-kamerverkiezing-2025/,https://www.linkedin.com/in/ockerghering/,,,,,,,,,,,,,,,,,,
D66,Thom Berends,44,Bouwkunde / Structural Engineering,Hanze / Amsterdam University of Applied Sciences,https://d66.nl/nieuws/advieslijst-tweede-kamerverkiezing-2025/,https://www.linkedin.com/in/thom-berends-5a214188/,,,,,,,,,,,,,,,,,,
D66,Robbert Dijkgraaf,49,Natuurkunde,Universiteit Utrecht,https://d66.nl/mensen/robbert-dijkgraaf/,https://www.linkedin.com/in/robbertdijkgraaf/,https://d66.nl/wp-content/uploads/2022/01/d66-minister-robbert-dijkgraaf.jpg,"Robbert is misschien wel de bekendste natuurkundige van Nederland. Voordat hij Minister werd gaf hij regelmatig TV-colleges, waarin hij wetenschappelijke onderwerpen voor het hele land toegankelijk maakte. Om minister van OCW te kunnen worden, emigreerde Robbert vanuit de VS terug naar Nederland. In de V.S. werkte hij als directeur aan Princeton, één van de meest vooroplopende universiteiten op het gebied van de natuurkunde. In de film Oppenheimer was de voormalige woning en faculteit van Robbert te zien. ",,,,,,,,,,,,,,,,
BBB,Henk Vermeer,3,Ingenieur Veehouderij,Niet bekend,https://boerburgerbeweging.nl/kandidaten/henk-vermeer/,,https://boerburgerbeweging.nl/wp-content/uploads/2025/10/Henk-Vermeer_BBB-TK25.jpg,Ik ben geboren en opgegroeid in het Veluwse Uddel en woon inmiddels 30 jaar in Harderwijk. Na een opleiding op de agrarische hogeschool in Dronten heb ik ruim 35 jaar gewerkt in het bedrijfsleven en ben ik zelf ook ondernemer geweest.,,,,,,,,,,,,,,,,
BBB,Robert Tieman,12,Marine and Navigation Engineer,Hogeschool van Amsterdam,https://boerburgerbeweging.nl/kandidaten/robert-tieman/,https://www.linkedin.com/in/robert-tieman/,https://boerburgerbeweging.nl/wp-content/uploads/2025/10/Robert-Tieman_BBB-TK25.jpg,Hogere Zeevaartschool – praktisch geschoolde ingenieur – opgegroeid in Alphen aan den Rijn – Loco Dijkgraaf – zoutwater/zoetwater – vader – man – minister Infrastructuur en Waterstaat.,,,,,,,,,,,,,,,,
BBB,Jean Rummenie,13,Agricultural ingenieur,Wageningen University & Research,https://boerburgerbeweging.nl/kandidaten/jean-rummenie/,https://www.linkedin.com/in/jean-rummenie-6a753b4/,https://boerburgerbeweging.nl/wp-content/uploads/2025/10/Jean-Rummenie_BBB-TK25.jpg,Ik heb mijn hele leven bij het ministerie van LVVN gewerkt zowel in multilaterale onderhandelingen als in de buitenlandse dienst van het ministerie als landbouwattaché.,,,,,,,,,,,,,,,,
BBB,Haidy Hankers,19,Tropisch Landgebruik & Facility Management,Wageningen University & Research,https://boerburgerbeweging.nl/kandidaten/haidy-hankers/,https://www.linkedin.com/in/haidy-hankers-a89695107/,https://boerburgerbeweging.nl/wp-content/uploads/2025/10/Haidy-Hankers_BBB-TK25.jpg,"Ik ben geboren en getogen in Suriname en voor mijn studie naar Nederland gekomen. Inmiddels woon ik samen met Theo, pluimveehouder van vrije-uitloopkippen, en vormen een samengesteld gezin met zes kinderen. Vanuit deze diverse achtergrond verbind ik culturen, ervaringen en perspectieven.",,,,,,,,,,,,,,,,
FvD,Lidewij de Vos,1,Scheikunde,Utrecht University,https://fvd.nl/kandidatenlijst,https://www.linkedin.com/in/lidewij-de-vos-59279b157/,"https://res.cloudinary.com/fvdcdm/image/upload/f_webp/q_auto/w_2000,h_2000,c_limit/v1756816576/tk-2025/lidewij_pr2lie.jpg","Lidewij de Vos (1997) studeerde scheikunde, neurowetenschappen en viool. Zij is al sinds het allereerste begin betrokken bij Forum voor Democratie en werkte vanaf 2021 voor de FVD-fractie in de Tweede Kamer. Samen met Thierry Baudet schreef zij het boek Niemand in de Cockpit (2023), waarin op natuurwetenschappelijke gronden wordt afgerekend met het stikstofbeleid.",,,,,,,,,,,,,,,,
FvD,Ralf Dekker,5,Geologie,Universiteit Leiden,https://fvd.nl/kandidatenlijst,https://www.linkedin.com/in/ralf-dekker-27153a148/,"https://res.cloudinary.com/fvdcdm/image/upload/f_webp/q_auto/w_2000,h_2000,c_limit/v1756816576/tk-2025/ralf_ddsqs3.jpg","Ralf Dekker (1957) studeerde geologie en daarna bedrijfskunde. Hij werd werkzaam in de consultancy en het bankwezen en werd uiteindelijk lid van de Raad van Bestuur van de Rabobank. In 2011 werd Dekker voorzitter van De Groene Rekenkamer, een klimaat- en milieukritische stichting. In 2019 werd hij statenlid voor FVD in Noord-Holland. Dekker heeft 2 kinderen en woont in Amsterdam. Ieder jaar fietst hij de Mont Ventoux op (en af).",,,,,,,,,,,,,,,,
FvD,Pepijn van Houwelingen,6,Technische bedrijfskunde,Universiteit Twente,https://fvd.nl/kandidatenlijst,,"https://res.cloudinary.com/fvdcdm/image/upload/f_webp/q_auto/w_2000,h_2000,c_limit/v1756816576/tk-2025/pepijn_rs566i.jpg","Pepijn van Houwelingen (1980) is Kamerlid voor Forum voor Democratie. Hij heeft meer dan tien jaar als onderzoeker voor het Sociaal en Cultureel Planbureau gewerkt. Pepijn houdt zich in de Tweede Kamer onder andere bezig met zorg, onderwijs, sociale en Europese zaken.",,,,,,,,,,,,,,,,
FvD,Massimo Etalle,9,Werktuigbouwkunde,Avans Hogeschool,https://fvd.nl/kandidatenlijst,https://nl.linkedin.com/in/massimo-etalle-11b765148,"https://res.cloudinary.com/fvdcdm/image/upload/f_webp/q_auto/w_2000,h_2000,c_limit/v1756823942/tk-2025/massimo_stqret.jpg",Massimo Etalle (1998) is fractievoorzitter van FVD in de gemeenteraad van Den Haag. Hij studeerde werktuigbouwkunde en werkte als ontwerper. Als vicevoorzitter van JFVD en oprichter van tijdschrift De Dissident vormde hij de visie voor de jongerenbeweging. In zijn vrije tijd gaat hij graag hardlopen of naar de sportschool.,,,,,,,,,,,,,,,,
FvD,Peter Vermaas,28,Applied Mathematics,Universiteit van Twente,https://fvd.nl/kandidatenlijst,https://www.linkedin.com/in/peter-vermaas-682005a7/?originalSubdomain=nl,,,,,,,,,,,,,,,,,,
SP,Leroy Vossenberg,11,Werktuigbouwkunde,Fontys University of Applied Sciences,https://www.sp.nl/nieuws/sp-kandidatenlijst-voor-supersociaal-nederland,https://www.linkedin.com/in/leroy-vossenberg-8235031ab/,,"De 31-jarige Leroy is een buurtactivist en het gezicht van de SP in Oss. Al jarenlang zet hij zich in tegen de sloop en voor beter onderhoud van talloze buurten in Oss. Hij komt samen met mensen op voor een sociale stad, voor het terugbrengen van kermisfeesten en voor verkeersveiligheid.",,,,,,,,,,,,,,,,
SP,Lieke van Rossum,18,Industrieel Ontwerpen,TU Delft,https://www.sp.nl/nieuws/sp-kandidatenlijst-voor-supersociaal-nederland,https://www.linkedin.com/in/lieke-van-rossum-7b23464/,https://www.sp.nl/sites/default/files/styles/persoon_crop_340_340/public/20140829-dsc08065-2.jpg?itok=VN16Z3YH,,,,,,,,,,,,,,,,,
SP,Madeleine Boer,19,Laboratoriumtechniek,Rotterdam University of Applied Sciences,https://www.sp.nl/nieuws/sp-kandidatenlijst-voor-supersociaal-nederland,https://www.linkedin.com/in/madeleine-boer-0680a882/,,,,,,,,,,,,,,,,,,
SP,Joost van der Sluis,21,Applied Physics,TU Delft,https://www.sp.nl/nieuws/sp-kandidatenlijst-voor-supersociaal-nederland,https://www.linkedin.com/in/joost-van-der-sluis/,,,,,,,,,,,,,,,,,,
SP,Sandra Drost,22,Biologie en Medisch laboratoriumonderzoek,Saxion University of Applied Sciences,https://www.sp.nl/nieuws/sp-kandidatenlijst-voor-supersociaal-nederland,https://www.linkedin.com/in/sandra-drost-58820467/,,,,,,,,,,,,,,,,,,
SP,Theo Coşkun,48,Biology Biochemistry,Radboud University,https://www.sp.nl/nieuws/sp-kandidatenlijst-voor-supersociaal-nederland,https://www.linkedin.com/in/theo-coşkun-292a20a/,,,,,,,,,,,,,,,,,,
JA21,Diederik Boomsma,6,"Milieuwetenschappen, Ecologie en Natuurbescherming","University of Durham, University College London",https://ja21.nl/onze-mensen,https://www.linkedin.com/in/diederik-boomsma-0494b31,https://ja21.nl/fileadmin/user_upload/Diederik_Boomsma.png,,,,,,,,,,,,,,,,,
JA21,Hans Kövi,36,"Biochemistry, Molecular Biology",Universiteit Wageningen,https://ja21.nl/onze-mensen,https://www.linkedin.com/in/hanskovi/?locale=nl,https://ja21.nl/fileadmin/user_upload/Hans-K%C3%B6vi-Portret-JA21-2025.png,,,,,,,,,,,,,,,,,
Volt,Erik Kemp,11,Computer Science,TU Twente,https://voltnederland.org/mensen/11-erik-kemp,https://www.linkedin.com/in/erikkemp/,https://voltnederland.org/img/containers/assets/_nederland/mensen/tk-2025-kandidatenlijst/2025-09-12_nr-11_erik-kemp_grad_fxc1431.jpg/d98859f77aadf8d394cd6c7ef1fb856a/2025-09-12_nr-11_erik-kemp_grad_fxc1431.jpg,"Mijn naam is Erik Kemp, ik ben 32 jaar en woon in Enschede, in de Twentse grensregio. Ik groeide op in Fijnaart (West-Brabant) en verhuisde in 2011 naar Enschede om Technische Informatica en Cyber Security te studeren. Daar specialiseerde ik me in de organisatie van informatie, ethische vraagstukken rond technologie en de invloed van digitalisering op onze samenleving.",,,,,,,,,,,,,,,,
Volt,Leslie Scherbeijn,27,Business Informatics,HZ University of Applied Sciences,https://voltnederland.org/mensen/27-leslie-scherbeijn,https://www.linkedin.com/in/lesliescherbeijn/,https://voltnederland.org/img/containers/assets/_nederland/mensen/tk-2025-kandidatenlijst/2025-09-12_nr-27_leslie-scherbeijn_grad_fxc1431.jpg/bd837109067ebce08c3ac1b60fd7cdca/2025-09-12_nr-27_leslie-scherbeijn_grad_fxc1431.jpg,"Hi. Mijn naam is Leslie Scherbeijn, ik ben 24 jaar en woon in Middelburg. Ik groeide op in een klein Zeeuws vissersdorp, met het strand als achtertuin en familie en vrienden als belangrijkste waarden. Inmiddels werk ik als adviseur informatisering en automatisering bij een lokale overheid en ben ik actief bij Volt Zeeland als eventlead.",,,,,,,,,,,,,,,,
Volt,Mark Croes,39,Informatica & Econometrie,UvA & VU Amsterdam,https://voltnederland.org/mensen/39-mark-croes,https://www.linkedin.com/in/markcroes/,https://voltnederland.org/img/containers/assets/_nederland/mensen/tk-2025-kandidatenlijst/2025-09-12_nr-39_mark-croes_grad_fxc1431.jpg/807cc05a951c47db520d27a2759eab62/2025-09-12_nr-39_mark-croes_grad_fxc1431.jpg,"Mijn naam is Mark Croes, ik ben 30 jaar en woon in Amsterdam. Na een bachelor Computer Science heb ik een econometrische master gedaan. Na jarenlang als data scientist financiële criminaliteit te hebben opgespoord, wilde ik meer maatschappelijke invloed hebben en een stap zetten richting de politiek. Daarom ben ik aan de slag gegaan als beleidsmedewerker bij het Ministerie van Financiën. Vanuit diezelfde motivatie stel ik me nu kandidaat voor de Tweede Kamer.",,,,,,,,,,,,,,,,
Volt,Giovanni Hagen,41,Biomedische wetenschappen,Leiden University,https://voltnederland.org/mensen/41-giovanni-hagen,https://www.linkedin.com/in/giovannihagen/,https://voltnederland.org/img/containers/assets/_nederland/mensen/tk-2025-kandidatenlijst/2025-09-12_nr-41_giovanni-hagen_grad_fxc1431.jpg/beca2d7cd3c518360934727965c110fd/2025-09-12_nr-41_giovanni-hagen_grad_fxc1431.jpg,"Mijn naam is Giovanni Hagen, ik ben 29 jaar en geboren en getogen in Almere. Na mijn master Biomedische Wetenschappen koos ik voor het bedrijfsleven, waar ik leerde hoe grote organisaties en groepen mensen samenwerken. Met mijn wetenschappelijke achtergrond en ervaring weet ik mensen te verbinden en verschillende meningen samen te brengen. Ik zorg ervoor dat alle stemmen worden gehoord, zodat consensus mogelijk wordt. Niemand lost de grote uitdagingen van vandaag alleen op: samenwerking is de sleutel. Die vaardigheden wil ik inzetten om een brug te bouwen tussen wat realistisch haalbaar is en de ambities van Volt en haar kiezers.",,,,,,,,,,,,,,,,
PvdD,Falco van Hassel,4,Animal Sciences,Universiteit Wageningen,https://www.partijvoordedieren.nl/personen/falco-van-hassel,https://www.linkedin.com/in/falco-van-hassel/,https://assets.partijvoordedieren.nl/assets/algemeen/_1024xAUTO_crop_center-center_none/Van-Hassel.jpg,"Falco van Hassel werkt ruim 7 jaar als medewerker voor de Tweede Kamerfractie van de Partij voor de Dieren. Vanuit die functie ondersteunt hij onze Kamerleden inhoudelijk op dossiers die te maken hebben met dieren, veehouderij, visserij en landbouw.  ",,,,,,,,,,,,,,,,
PvdD,Willemijn Stoffels,9,Natuurwetenschap & Innovatiemanagement,Universiteit Utrecht,https://www.partijvoordedieren.nl/personen/willemijn-stoffels,https://www.linkedin.com/in/willemijnstoffels/,https://assets.partijvoordedieren.nl/assets/algemeen/_1024xAUTO_crop_center-center_none/Foto-Willemijn-Stoffels.jpg,Willemijn Stoffels is sinds 2023 actief bij de Partij voor de Dieren. Als 17-jarige ging ze voor een jaar uitwisseling naar Mexico. Bij terugkomst studeerde ze Natuurwetenschap & Innovatiemanagement aan de Universiteit van Utrecht en ging daarna werken als strategisch adviseur bij McKinsey & Company. Gedurende haar tijd daar deed ze een MBA aan INSEAD.,,,,,,,,,,,,,,,,
PvdD,Anjo Travaille,11,Milieutechnologie,Van Hall Larenstein,https://www.partijvoordedieren.nl/personen/anjo-travaille,https://www.linkedin.com/in/anjotravaillebovenkamers/,https://assets.partijvoordedieren.nl/assets/algemeen/_1024xAUTO_crop_center-center_none/Anjo-Travaille-2-2.jpg,"Anjo is sinds 2023 Statenlid en fractievoorzitter van de Provinciale Statenfractie Utrecht. Eerder was hij commissielid in de staten van Utrecht. Tussen 2014 en 2022 was Anjo Algemeen Bestuurslid en fractievoorzitter bij Hoogheemraadschap De Stichtse Rijnlanden, het waterschap in midden Nederland.",,,,,,,,,,,,,,,,
PvdD,Vania Nasroen,37,Biotechnologie,Universiteit Wageningen,https://www.partijvoordedieren.nl/personen/vania-nasroen,https://www.linkedin.com/in/vaniapn/,https://assets.partijvoordedieren.nl/assets/algemeen/_1024xAUTO_crop_center-center_none/VaniaFotoTK25.jpg,"Vania is vanaf begin 2025 actief bij de Partij voor de Dieren in Wageningen. Oorspronkelijk komt zij uit Den Haag, maar juist in Wageningen heeft Vania geleerd hoe belangrijk rust, natuur en dieren zijn in een groene leefomgeving. Deze ervaring vormt de basis van haar inzet voor een eerlijke, duurzame en diervriendelijke samenleving.",,,,,,,,,,,,,,,,
PvdD,Judith Lammers,40,Econometrie,Universiteit Tilburg,https://www.partijvoordedieren.nl/personen/judith-lammers,https://www.linkedin.com/in/judithlammers/,https://assets.partijvoordedieren.nl/assets/algemeen/_618xAUTO_crop_center-center_none/JLammers-4.jpg,"Judith zit sinds 2023 in Waterschap de Dommel namens de Partij voor de Dieren waar ze nu fractievoorzitter is. Ze strijdt dagelijks in haar werk, in de politiek én op straat voor een gezonde rechtvaardige wereld voor mens en dier. Dat is hard nodig want deze staan door het kapitalisme en opkomend fascisme zwaar onder druk.",,,,,,,,,,,,,,,,
50PLUS,Bennie van Est,10,Bestuurlijke informatiekunde,Katholieke Universiteit Brabant,,https://www.linkedin.com/in/bennie-van-est-58ba8a104/,,,,,,,,,,,,,,,,,,
